id,lat,lon,data_hora_gmt,satelite,municipio,estado,pais,municipio_id,estado_id,pais_id,numero_dias_sem_chuva,precipitacao,risco_fogo,bioma,frp
4e900e04-c870-37a3-abff-ed50a3f2f9ac,-17.45446,-39.28068,2025-02-10 00:05:00,TERRA_M-M,ALCOBAÇA,BAHIA,Brasil,2900801,29,33,,,,Mata Atlântica,6.6
5a9aa7bb-3175-3790-832f-08b57df88af8,-17.45591,-39.29268,2025-02-10 00:05:00,TERRA_M-M,ALCOBAÇA,BAHIA,Brasil,2900801,29,33,,,,Mata Atlântica,14.6
1612f4cf-b383-3d2a-9cab-837123dbd4c3,-6.99848,-35.24642,2025-02-10 00:07:00,TERRA_M-M,SAPÉ,PARAÍBA,Brasil,2515302,25,33,,,,Mata Atlântica,18.2
ee23294d-c082-3437-b91c-84de530d50fb,-6.98344,-42.99768,2025-02-10 00:09:00,TERRA_M-M,FLORIANO,PIAUÍ,Brasil,2203909,22,33,,,,Caatinga,14.8
cd6a849a-502e-3cc5-b6ea-c6277cfc1cc3,-6.985,-43.000198,2025-02-10 00:11:00,METOP-B,FLORIANO,PIAUÍ,Brasil,2203909,22,33,,,,Caatinga,
a53f491b-6261-39a5-bb37-51baaf2461e5,-6.9831,-42.991901,2025-02-10 00:11:00,METOP-B,FLORIANO,PIAUÍ,Brasil,2203909,22,33,,,,Caatinga,
658621f2-0d60-3171-9a89-4a6aa192ad22,-6.9811,-42.983501,2025-02-10 00:11:00,METOP-B,FLORIANO,PIAUÍ,Brasil,2203909,22,33,,,,Caatinga,
5f88b019-c0e0-31f6-9b13-551be8a8962a,-17.454,-39.268299,2025-02-10 00:14:00,METOP-B,ALCOBAÇA,BAHIA,Brasil,2900801,29,33,,,,Mata Atlântica,
4c990060-a71b-3571-85fb-e7af928b7701,-17.4564,-39.278301,2025-02-10 00:14:00,METOP-B,ALCOBAÇA,BAHIA,Brasil,2900801,29,33,,,,Mata Atlântica,
31fc4fd6-b5e5-3fe6-b7ac-b29736a871ec,-21.481501,-51.366699,2025-02-10 01:08:00,METOP-C,IRAPURU,SÃO PAULO,Brasil,3521606,35,33,,,,Mata Atlântica,
a077fed9-203b-3756-9742-f1c578c6e337,-29.8895,-51.7174,2025-02-10 01:08:00,METOP-C,TRIUNFO,RIO GRANDE DO SUL,Brasil,4322004,43,33,,,,Pampa,
123c9f1b-c210-3e68-bb7c-d0747c27c61d,-20.9091,-56.538502,2025-02-10 01:08:00,METOP-C,BONITO,MATO GROSSO DO SUL,Brasil,5002209,50,33,,,,Cerrado,
91947d8c-4938-3f78-9b7a-a6ddb2cb16ac,-21.471701,-51.369202,2025-02-10 01:08:00,METOP-C,JUNQUEIRÓPOLIS,SÃO PAULO,Brasil,3526001,35,33,,,,Mata Atlântica,
445355d7-5b73-3109-b040-4640319d56c0,-20.917,-56.526402,2025-02-10 01:08:00,METOP-C,BONITO,MATO GROSSO DO SUL,Brasil,5002209,50,33,,,,Cerrado,
efe9ba7f-3d88-3925-90d6-62fc4829c192,-20.9072,-56.5285,2025-02-10 01:08:00,METOP-C,BONITO,MATO GROSSO DO SUL,Brasil,5002209,50,33,,,,Cerrado,
cf292725-3642-307b-b672-8fd20dcd65a7,-22.2742,-48.494801,2025-02-10 01:08:00,METOP-C,JAÚ,SÃO PAULO,Brasil,3525300,35,33,,,,Mata Atlântica,
48b9a34e-a136-3d60-9964-5c608e49dc83,-20.9053,-56.5186,2025-02-10 01:08:00,METOP-C,BONITO,MATO GROSSO DO SUL,Brasil,5002209,50,33,,,,Cerrado,
5851e4fe-5486-3c84-9916-c4508f605325,-6.9784,-35.2465,2025-02-10 01:30:00,GOES-16,SAPÉ,PARAÍBA,Brasil,2515302,25,33,,,,Mata Atlântica,52.8
001a00a0-4a1d-3675-9148-4611caab084f,-29.64304,-55.57887,2025-02-10 01:38:00,TERRA_M-M,ALEGRETE,RIO GRANDE DO SUL,Brasil,4300406,43,33,,,,Pampa,9.5
f9471c8b-5a3a-387a-b6d6-4bc1c0a4d48d,-20.91182,-56.52959,2025-02-10 01:41:00,TERRA_M-M,BONITO,MATO GROSSO DO SUL,Brasil,5002209,50,33,,,,Cerrado,26.5
36b6e425-4eb9-3500-87b5-1dd6742e3f94,-20.91375,-56.54175,2025-02-10 01:41:00,TERRA_M-M,BONITO,MATO GROSSO DO SUL,Brasil,5002209,50,33,,,,Cerrado,13.9
5eeb6fe3-5a26-398d-bfa3-563273a47985,3.24686,-60.20076,2025-02-10 01:49:00,TERRA_M-M,BONFIM,RORAIMA,Brasil,1400159,14,33,,,,Amazônia,10.4
00b85fa0-aa38-354d-a5c2-99414e38310b,-6.5851,-35.20122,2025-02-10 02:55:00,NOAA-20,MAMANGUAPE,PARAÍBA,Brasil,2508901,25,33,,,,Mata Atlântica,2.3
f7117dae-ea74-36fe-b5a2-225d3009d93a,-6.59106,-35.20251,2025-02-10 02:55:00,NOAA-20,MAMANGUAPE,PARAÍBA,Brasil,2508901,25,33,,,,Mata Atlântica,2.3
b3352918-3fae-3133-a567-2c73ed0c044b,-22.67434,-42.86631,2025-02-10 03:02:00,NOAA-20,ITABORAÍ,RIO DE JANEIRO,Brasil,3301900,33,33,,,,Mata Atlântica,1.1
6a80a0b3-6148-30b9-a2bd-aa248dd9c34b,-22.67617,-42.85918,2025-02-10 03:02:00,NOAA-20,ITABORAÍ,RIO DE JANEIRO,Brasil,3301900,33,33,,,,Mata Atlântica,1.1
09c48af9-c688-381d-8409-37bbdade63c5,-6.97706,-43.00697,2025-02-10 03:46:00,NOAA-21,FLORIANO,PIAUÍ,Brasil,2203909,22,33,,,,Caatinga,1.1
309ea5a9-1d67-3bcc-9ce9-8ae673f4f0d0,-6.97917,-42.99432,2025-02-10 03:46:00,NOAA-21,FLORIANO,PIAUÍ,Brasil,2203909,22,33,,,,Caatinga,1.4
9aa8447b-08d0-3c6b-9a37-c183de3c1e16,-7.54931,-37.54409,2025-02-10 03:46:00,NOAA-21,TABIRA,PERNAMBUCO,Brasil,2614600,26,33,,,,Caatinga,0.7
9a7e2ccf-d535-32a4-a7b9-7f3ea6a42357,-6.98349,-42.99506,2025-02-10 03:46:00,NOAA-21,FLORIANO,PIAUÍ,Brasil,2203909,22,33,,,,Caatinga,1.4
aa628e27-fe6e-328a-b4e2-14b6c210d4ca,-6.58777,-35.19411,2025-02-10 03:46:00,NOAA-21,MAMANGUAPE,PARAÍBA,Brasil,2508901,25,33,,,,Mata Atlântica,5.1
f0955396-0c9e-3672-ad4a-47595cf3a664,-7.54986,-37.54063,2025-02-10 03:46:00,NOAA-21,TABIRA,PERNAMBUCO,Brasil,2614600,26,33,,,,Caatinga,0.5
ab1114a6-4f88-324c-a7b1-d11e94cdd802,-6.98138,-43.0077,2025-02-10 03:46:00,NOAA-21,FLORIANO,PIAUÍ,Brasil,2203909,22,33,,,,Caatinga,1.1
baf76412-a737-366b-b59c-3f808816bc53,-8.11705,-38.95575,2025-02-10 03:46:00,NOAA-21,SALGUEIRO,PERNAMBUCO,Brasil,2612208,26,33,,,,Caatinga,1.3
28414003-e2cb-3a3b-bf7a-625a8cc4014f,-6.58722,-35.19774,2025-02-10 03:46:00,NOAA-21,MAMANGUAPE,PARAÍBA,Brasil,2508901,25,33,,,,Mata Atlântica,2.6
39bf59e1-1a22-3482-95c2-03e93cf77068,-6.59059,-35.19826,2025-02-10 03:46:00,NOAA-21,MAMANGUAPE,PARAÍBA,Brasil,2508901,25,33,,,,Mata Atlântica,2.6
709654eb-abb3-3a81-8b72-dffa43e77ba0,-6.59115,-35.19464,2025-02-10 03:46:00,NOAA-21,MAMANGUAPE,PARAÍBA,Brasil,2508901,25,33,,,,Mata Atlântica,5.1
862266c4-44c9-3b34-8253-8f9e310cded3,-6.98209,-43.00348,2025-02-10 03:46:00,NOAA-21,FLORIANO,PIAUÍ,Brasil,2203909,22,33,,,,Caatinga,3.1
239123e6-bc36-36ec-82c6-541bc161fea1,-8.38466,-42.26242,2025-02-10 03:46:00,NOAA-21,SÃO JOÃO DO PIAUÍ,PIAUÍ,Brasil,2210003,22,33,,,,Caatinga,0.7
178c5a21-cc77-3fb0-9096-6f8a1c522722,-12.41684,-43.80082,2025-02-10 03:49:00,NOAA-21,BREJOLÂNDIA,BAHIA,Brasil,2904407,29,33,,,,Cerrado,2.2
5801caec-177b-38fa-995f-f86d75105913,-12.42029,-43.8055,2025-02-10 03:49:00,NOAA-21,BREJOLÂNDIA,BAHIA,Brasil,2904407,29,33,,,,Cerrado,1.2
f92f0f58-2e91-3581-add0-e451968c6279,-12.41614,-43.80471,2025-02-10 03:49:00,NOAA-21,BREJOLÂNDIA,BAHIA,Brasil,2904407,29,33,,,,Cerrado,1.2
cb699304-3276-3e32-a7d0-e1d875593537,-13.89173,-44.01475,2025-02-10 03:49:00,NOAA-21,CARINHANHA,BAHIA,Brasil,2907103,29,33,,,,Cerrado,1.3
cc7fe131-5e7c-359f-a55d-d5ffa61f6820,-16.40699,-39.10456,2025-02-10 03:49:00,NOAA-21,PORTO SEGURO,BAHIA,Brasil,2925303,29,33,,,,Mata Atlântica,0.5
72e96f03-fe27-3dc5-ad37-746e7468f6cc,-9.87734,-41.80059,2025-02-10 03:49:00,NOAA-21,SENTO SÉ,BAHIA,Brasil,2930204,29,33,,,,Caatinga,4.0
d1c5a9ac-94a8-343a-9288-4271f76968b4,-22.67654,-42.85413,2025-02-10 03:51:00,NOAA-21,ITABORAÍ,RIO DE JANEIRO,Brasil,3301900,33,33,,,,Mata Atlântica,3.3
d6f1a555-c64f-321f-8cb9-59aa44f75d5f,-21.35822,-48.57499,2025-02-10 03:51:00,NOAA-21,TAQUARITINGA,SÃO PAULO,Brasil,3553708,35,33,,,,Mata Atlântica,1.5
013a8a5f-cdb1-3bcd-8c62-a45a0c33dc38,-20.5534,-40.9193,2025-02-10 03:51:00,NOAA-21,ALFREDO CHAVES,ESPÍRITO SANTO,Brasil,3200300,32,33,,,,Mata Atlântica,0.7
76bcde7a-3293-3fd8-814e-10d8941bc355,-20.20297,-41.78458,2025-02-10 03:51:00,NOAA-21,DURANDÉ,MINAS GERAIS,Brasil,3123528,31,33,,,,Mata Atlântica,0.8
76a999f7-11e1-398e-a8c5-53fcb70b0dd8,-21.60197,-48.45525,2025-02-10 03:51:00,NOAA-21,MATÃO,SÃO PAULO,Brasil,3529302,35,33,,,,Cerrado,2.5
6ffae3e3-7cbf-35c9-8d0e-f8a91570ca3b,-17.09614,-43.80644,2025-02-10 03:51:00,NOAA-21,BOCAIÚVA,MINAS GERAIS,Brasil,3107307,31,33,,,,Cerrado,1.1
1b3341c9-967e-3440-80db-7401a1a2eb39,-21.61508,-48.46396,2025-02-10 03:51:00,NOAA-21,MATÃO,SÃO PAULO,Brasil,3529302,35,33,,,,Cerrado,3.6
16460886-a341-32c8-96a5-24534473d4b5,-19.82637,-40.1001,2025-02-10 03:51:00,NOAA-21,ARACRUZ,ESPÍRITO SANTO,Brasil,3200607,32,33,,,,Mata Atlântica,1.3
6fb6af50-52d2-3ade-9c1c-9acda41e9112,-21.60672,-48.45631,2025-02-10 03:51:00,NOAA-21,MATÃO,SÃO PAULO,Brasil,3529302,35,33,,,,Cerrado,2.4
e4c0d620-afbf-3b84-a569-fad804011c7c,-19.83917,-40.08358,2025-02-10 03:51:00,NOAA-21,ARACRUZ,ESPÍRITO SANTO,Brasil,3200607,32,33,,,,Mata Atlântica,2.5
0580748f-6903-38ee-8866-6f176589e3d3,-21.47129,-51.37415,2025-02-10 03:51:00,NOAA-21,JUNQUEIRÓPOLIS,SÃO PAULO,Brasil,3526001,35,33,,,,Mata Atlântica,2.5
5fd2bc97-3cc1-36b9-9617-50a56c43b812,-21.47306,-51.37294,2025-02-10 03:51:00,NOAA-21,JUNQUEIRÓPOLIS,SÃO PAULO,Brasil,3526001,35,33,,,,Mata Atlântica,2.1
91deed22-9ad6-3a15-9908-230fd8eed5c1,-16.68101,-43.88591,2025-02-10 03:51:00,NOAA-21,MONTES CLAROS,MINAS GERAIS,Brasil,3143302,31,33,,,,Cerrado,1.9
c119e972-8553-3e3e-bbb1-da8c6a2ead33,-22.85564,-42.97975,2025-02-10 03:51:00,NOAA-21,SÃO GONÇALO,RIO DE JANEIRO,Brasil,3304904,33,33,,,,Mata Atlântica,0.7
0f4bfb22-6b48-36f7-8d15-e80dfe5649ab,-23.98329,-48.91878,2025-02-10 03:53:00,NOAA-21,ITAPEVA,SÃO PAULO,Brasil,3522406,35,33,,,,Cerrado,1.6
4e5992a8-93e7-3c0a-b399-c2859e646de4,-28.58619,-49.44101,2025-02-10 03:53:00,NOAA-21,SIDERÓPOLIS,SANTA CATARINA,Brasil,4217600,42,33,,,,Mata Atlântica,2.0
85b3c0b7-ea93-3f80-ab0f-2c94f873429e,-23.40793,-46.55476,2025-02-10 03:53:00,NOAA-21,GUARULHOS,SÃO PAULO,Brasil,3518800,35,33,,,,Mata Atlântica,0.8
0c2f3a21-6a81-30d5-9f40-84843eec07c6,-23.4072,-46.55853,2025-02-10 03:53:00,NOAA-21,SÃO PAULO,SÃO PAULO,Brasil,3550308,35,33,,,,Mata Atlântica,0.8
ca362946-0baf-31da-b26f-0791e8299598,-23.33905,-46.77456,2025-02-10 03:53:00,NOAA-21,CAIEIRAS,SÃO PAULO,Brasil,3509007,35,33,,,,Mata Atlântica,1.1
c16dce7a-576c-3f68-88cd-469d369fa048,-23.59341,-47.43745,2025-02-10 03:53:00,NOAA-21,VOTORANTIM,SÃO PAULO,Brasil,3557006,35,33,,,,Mata Atlântica,1.1
4324c869-9d6a-3666-87f7-ccdec8cb0b8f,-23.98601,-48.91567,2025-02-10 03:53:00,NOAA-21,ITAPEVA,SÃO PAULO,Brasil,3522406,35,33,,,,Cerrado,2.5
639b4dca-0b9f-37b2-97a4-c075e2d26cdd,-28.58647,-49.44373,2025-02-10 03:53:00,NOAA-21,SIDERÓPOLIS,SANTA CATARINA,Brasil,4217600,42,33,,,,Mata Atlântica,2.8
cd1d7ffd-1adb-33da-9c55-472698f562fe,-6.93628,-39.15309,2025-02-10 04:14:00,NPP-375D,LAVRAS DA MANGABEIRA,CEARÁ,Brasil,2307502,23,33,,,,Caatinga,2.4
d31c6dc7-a5c6-35b5-a854-4758d045d924,-6.98317,-42.99449,2025-02-10 04:14:00,NPP-375D,FLORIANO,PIAUÍ,Brasil,2203909,22,33,,,,Caatinga,3.4
cef0138a-2f01-3b7c-85dc-d63c62072cd6,-9.0476,-42.66809,2025-02-10 04:14:00,NPP-375D,SÃO RAIMUNDO NONATO,PIAUÍ,Brasil,2210607,22,33,,,,Caatinga,0.6
489ed8dd-0d12-3374-985e-38ee4124009d,-6.53116,-43.56754,2025-02-10 04:14:00,NPP-375D,SÃO JOÃO DOS PATOS,MARANHÃO,Brasil,2111102,21,33,,,,Cerrado,1.4
3c6ba42c-e0e8-3bed-8649-7743d86dec5d,-6.98208,-43.00145,2025-02-10 04:14:00,NPP-375D,FLORIANO,PIAUÍ,Brasil,2203909,22,33,,,,Caatinga,1.3
7ec2d53c-e382-3416-a328-d53cba3e397a,-6.97984,-42.99397,2025-02-10 04:14:00,NPP-375D,FLORIANO,PIAUÍ,Brasil,2203909,22,33,,,,Caatinga,0.9
b1abc858-e3b9-3f00-939c-5da3593ed60a,-8.3879,-42.26313,2025-02-10 04:14:00,NPP-375D,SÃO JOÃO DO PIAUÍ,PIAUÍ,Brasil,2210003,22,33,,,,Caatinga,0.9
a9340613-ac49-3a48-a527-f5be693304fa,-8.11812,-38.95366,2025-02-10 04:14:00,NPP-375D,SALGUEIRO,PERNAMBUCO,Brasil,2612208,26,33,,,,Caatinga,1.0
c7c9a2b0-09c0-3249-ba3a-2ecfb1b78cc7,-6.9782,-43.00441,2025-02-10 04:14:00,NPP-375D,FLORIANO,PIAUÍ,Brasil,2203909,22,33,,,,Caatinga,1.1
abefd833-b1db-3bbb-8470-388e427536ed,-7.89821,-43.91878,2025-02-10 04:14:00,NPP-375D,BERTOLÍNIA,PIAUÍ,Brasil,2201705,22,33,,,,Cerrado,0.9
b22e802e-b672-39e5-8480-cbbd0ed9198c,-6.98153,-43.00493,2025-02-10 04:14:00,NPP-375D,FLORIANO,PIAUÍ,Brasil,2203909,22,33,,,,Caatinga,1.3
f8d43226-f45b-3c59-be7d-a02ae5f7274d,-12.60469,-43.31801,2025-02-10 04:16:00,NPP-375D,SÍTIO DO MATO,BAHIA,Brasil,2930758,29,33,,,,Cerrado,0.5
557fdb49-3c5b-3feb-ac61-bad51ae008b5,-12.17931,-43.95282,2025-02-10 04:16:00,NPP-375D,WANDERLEY,BAHIA,Brasil,2933455,29,33,,,,Cerrado,1.1
06deb080-7c48-31b4-8f73-2aeff41c5dca,-12.41844,-43.8041,2025-02-10 04:16:00,NPP-375D,BREJOLÂNDIA,BAHIA,Brasil,2904407,29,33,,,,Cerrado,4.0
6ae2e9d6-1c51-3f02-bb42-247a0e5f09df,-21.36023,-48.57674,2025-02-10 04:18:00,NPP-375D,TAQUARITINGA,SÃO PAULO,Brasil,3553708,35,33,,,,Mata Atlântica,0.5
555e617e-e4b5-3dfe-adbe-c9a18e183089,-22.67898,-42.85213,2025-02-10 04:18:00,NPP-375D,ITABORAÍ,RIO DE JANEIRO,Brasil,3301900,33,33,,,,Mata Atlântica,0.9
8bd7e2ee-4297-348f-b333-e77c446bb5fd,-21.35747,-48.57217,2025-02-10 04:18:00,NPP-375D,TAQUARITINGA,SÃO PAULO,Brasil,3553708,35,33,,,,Mata Atlântica,0.5
8b541ecc-f7e0-389f-8862-8d8eabbacb95,-21.47378,-51.36956,2025-02-10 04:18:00,NPP-375D,JUNQUEIRÓPOLIS,SÃO PAULO,Brasil,3526001,35,33,,,,Mata Atlântica,1.2
3ecc54d1-53be-304d-b5c2-a31f3ba0eb1f,-19.73322,-54.83676,2025-02-10 04:18:00,NPP-375D,CORGUINHO,MATO GROSSO DO SUL,Brasil,5003108,50,33,,,,Cerrado,1.0
25c0bc73-bbdb-3a56-bc64-0c27f878aa82,-21.36088,-48.57284,2025-02-10 04:18:00,NPP-375D,TAQUARITINGA,SÃO PAULO,Brasil,3553708,35,33,,,,Mata Atlântica,0.5
f6d7e1cc-a4c7-3a5e-b071-9dbee2f92658,-22.2711,-48.49969,2025-02-10 04:18:00,NPP-375D,JAÚ,SÃO PAULO,Brasil,3525300,35,33,,,,Mata Atlântica,0.7
77661ae0-8bb7-379a-b8eb-b41d93a3de67,-21.47283,-51.37473,2025-02-10 04:18:00,NPP-375D,JUNQUEIRÓPOLIS,SÃO PAULO,Brasil,3526001,35,33,,,,Mata Atlântica,2.0
88d9385f-91f7-34f8-a496-67877dcc0106,-18.54333,-40.50478,2025-02-10 04:18:00,NPP-375D,NOVA VENÉCIA,ESPÍRITO SANTO,Brasil,3203908,32,33,,,,Mata Atlântica,1.0
bbf15fb3-06bb-3fe9-ba59-a323930b5ab7,-22.67518,-42.85157,2025-02-10 04:18:00,NPP-375D,ITABORAÍ,RIO DE JANEIRO,Brasil,3301900,33,33,,,,Mata Atlântica,1.4
55ebabdc-54ce-39f6-b522-ddfce52f7aa6,-24.24282,-50.74079,2025-02-10 04:21:00,NPP-375D,ORTIGUEIRA,PARANÁ,Brasil,4117305,41,33,,,,Mata Atlântica,1.1
3c0fdd9a-b71d-3e85-8137-24764bd4f25d,-27.79532,-50.38371,2025-02-10 04:21:00,NPP-375D,LAGES,SANTA CATARINA,Brasil,4209300,42,33,,,,Mata Atlântica,1.5
7f24c786-3b29-3a5f-8af3-d9c58a9b7575,-23.40599,-46.55606,2025-02-10 04:21:00,NPP-375D,GUARULHOS,SÃO PAULO,Brasil,3518800,35,33,,,,Mata Atlântica,1.3
e30be64f-9e13-3b78-89f7-3d3199bd1e59,-27.79603,-50.37953,2025-02-10 04:21:00,NPP-375D,LAGES,SANTA CATARINA,Brasil,4209300,42,33,,,,Mata Atlântica,1.4
3a7df3c5-b788-3f91-b4cb-29dcbc4f6f69,-29.90221,-51.047,2025-02-10 04:21:00,NPP-375D,GRAVATAÍ,RIO GRANDE DO SUL,Brasil,4309209,43,33,,,,Pampa,0.5
c71a5293-3417-3f70-8e53-bda54e77c801,-23.33824,-46.77352,2025-02-10 04:21:00,NPP-375D,CAIEIRAS,SÃO PAULO,Brasil,3509007,35,33,,,,Mata Atlântica,1.5
6d30e3ba-3416-36e9-ba7f-159f862d88ad,-28.58603,-49.44189,2025-02-10 04:21:00,NPP-375D,SIDERÓPOLIS,SANTA CATARINA,Brasil,4217600,42,33,,,,Mata Atlântica,1.6
745cc610-d9ec-37bd-87fe-6a96144fe34d,-23.59273,-47.43906,2025-02-10 04:21:00,NPP-375D,VOTORANTIM,SÃO PAULO,Brasil,3557006,35,33,,,,Mata Atlântica,1.0
a7815c96-5e11-3d88-99f4-a2e91d1fb35d,-27.7976,-50.38319,2025-02-10 04:21:00,NPP-375D,LAGES,SANTA CATARINA,Brasil,4209300,42,33,,,,Mata Atlântica,2.6
fde0b83f-f51b-3f09-972d-f8ed93fd289e,-29.81609,-51.45601,2025-02-10 04:21:00,NPP-375D,MONTENEGRO,RIO GRANDE DO SUL,Brasil,4312401,43,33,,,,Pampa,0.7
a404aa4b-f5d0-3dfb-840d-1726ecdcec9d,-23.98504,-48.91835,2025-02-10 04:21:00,NPP-375D,ITAPEVA,SÃO PAULO,Brasil,3522406,35,33,,,,Cerrado,1.1
1a9687af-9065-3e7c-806a-674046fc0c0c,-29.63992,-55.57794,2025-02-10 04:23:00,NPP-375D,ALEGRETE,RIO GRANDE DO SUL,Brasil,4300406,43,33,,,,Pampa,2.2
be6c4e86-9799-38fd-a344-6c7f99708d5a,-29.64115,-55.5811,2025-02-10 04:23:00,NPP-375D,ALEGRETE,RIO GRANDE DO SUL,Brasil,4300406,43,33,,,,Pampa,1.7
8cff6857-c3cf-335d-b35e-c27375225494,-29.64207,-55.57663,2025-02-10 04:23:00,NPP-375D,ALEGRETE,RIO GRANDE DO SUL,Brasil,4300406,43,33,,,,Pampa,1.1
e2148d21-faaf-36ea-af66-074e14c16892,-6.53023,-43.57037,2025-02-10 04:38:00,NOAA-20,SÃO JOÃO DOS PATOS,MARANHÃO,Brasil,2111102,21,33,,,,Cerrado,0.2
bafac7aa-0c9f-358e-a2db-4330b8cea639,-6.98119,-42.99818,2025-02-10 04:38:00,NOAA-20,FLORIANO,PIAUÍ,Brasil,2203909,22,33,,,,Caatinga,0.7
79368e1f-a77a-34dd-90ae-9134a63d1e77,-6.98182,-42.99371,2025-02-10 04:38:00,NOAA-20,FLORIANO,PIAUÍ,Brasil,2203909,22,33,,,,Caatinga,0.7
110872c6-ce5f-30c2-a305-a5dfda9d04e2,-19.7308,-54.83609,2025-02-10 04:40:00,NOAA-20,CORGUINHO,MATO GROSSO DO SUL,Brasil,5003108,50,33,,,,Cerrado,0.9
3f8287b0-caee-3650-8138-dc19d2241f8b,-20.76211,-46.7682,2025-02-10 04:40:00,NOAA-20,ITAÚ DE MINAS,MINAS GERAIS,Brasil,3133758,31,33,,,,Mata Atlântica,0.7
f969efec-5922-3a6f-820b-d60cf448a863,-19.73424,-54.83677,2025-02-10 04:40:00,NOAA-20,CORGUINHO,MATO GROSSO DO SUL,Brasil,5003108,50,33,,,,Cerrado,0.7
b33370ec-2618-31d8-849a-772b32aeceb7,-20.91124,-56.53372,2025-02-10 04:42:00,NOAA-20,BONITO,MATO GROSSO DO SUL,Brasil,5002209,50,33,,,,Cerrado,3.8
2faf0699-7d7f-3fe7-8ff3-54ce83d40093,-21.35855,-48.5739,2025-02-10 04:42:00,NOAA-20,TAQUARITINGA,SÃO PAULO,Brasil,3553708,35,33,,,,Mata Atlântica,1.8
45cb6510-dda5-3e05-85b1-09d01f6f674a,-23.34017,-46.77177,2025-02-10 04:42:00,NOAA-20,CAIEIRAS,SÃO PAULO,Brasil,3509007,35,33,,,,Mata Atlântica,1.2
05247c2d-8343-3681-9fc6-fd14e54aff82,-21.47326,-51.37426,2025-02-10 04:42:00,NOAA-20,JUNQUEIRÓPOLIS,SÃO PAULO,Brasil,3526001,35,33,,,,Mata Atlântica,1.6
74fee569-4785-3293-b65a-09702773c54c,-23.34009,-46.77294,2025-02-10 04:42:00,NOAA-20,CAIEIRAS,SÃO PAULO,Brasil,3509007,35,33,,,,Mata Atlântica,1.3
3e22e91e-b205-372b-ab45-adf7015ab134,-21.49092,-56.23186,2025-02-10 04:42:00,NOAA-20,JARDIM,MATO GROSSO DO SUL,Brasil,5005004,50,33,,,,Cerrado,0.4
24c320ae-0933-3873-92cd-162266d1db15,-20.90758,-56.53304,2025-02-10 04:42:00,NOAA-20,BONITO,MATO GROSSO DO SUL,Brasil,5002209,50,33,,,,Cerrado,3.8
c1a2eae4-e819-3131-a2d2-d7e22da1a961,-23.40473,-46.55463,2025-02-10 04:42:00,NOAA-20,GUARULHOS,SÃO PAULO,Brasil,3518800,35,33,,,,Mata Atlântica,1.1
5ce85563-e24c-311c-bbdb-fcb979d4a611,-21.47044,-51.36983,2025-02-10 04:42:00,NOAA-20,JUNQUEIRÓPOLIS,SÃO PAULO,Brasil,3526001,35,33,,,,Mata Atlântica,0.7
c6dd7df0-18af-3a81-956d-11d26a3fc0f1,-21.47383,-51.37041,2025-02-10 04:42:00,NOAA-20,JUNQUEIRÓPOLIS,SÃO PAULO,Brasil,3526001,35,33,,,,Mata Atlântica,1.6
a671b160-d04a-3b35-a588-97671f8da886,-22.67624,-42.85306,2025-02-10 04:42:00,NOAA-20,ITABORAÍ,RIO DE JANEIRO,Brasil,3301900,33,33,,,,Mata Atlântica,3.2
813832ee-39dd-3e3b-a54b-3735574b64f9,-20.99446,-51.79348,2025-02-10 04:42:00,NOAA-20,TRÊS LAGOAS,MATO GROSSO DO SUL,Brasil,5008305,50,33,,,,Mata Atlântica,1.6
19cac6a9-955b-3e6b-b812-01493cbdd941,-20.56101,-55.56243,2025-02-10 04:42:00,NOAA-20,DOIS IRMÃOS DO BURITI,MATO GROSSO DO SUL,Brasil,5003488,50,33,,,,Cerrado,0.6
5e3b32b6-2f90-31b0-8526-1241e8f4361b,-29.6407,-55.57595,2025-02-10 04:44:00,NOAA-20,ALEGRETE,RIO GRANDE DO SUL,Brasil,4300406,43,33,,,,Pampa,1.1
7e79b7f5-4602-342c-b5e5-62cbe0a08532,-29.64007,-55.57992,2025-02-10 04:44:00,NOAA-20,ALEGRETE,RIO GRANDE DO SUL,Brasil,4300406,43,33,,,,Pampa,1.1
98b28250-4fc7-3759-bb35-fad4d08ad855,-30.33836,-54.26539,2025-02-10 04:44:00,NOAA-20,SÃO GABRIEL,RIO GRANDE DO SUL,Brasil,4318309,43,33,,,,Pampa,1.0
b881e69c-6155-3342-bd4f-413f344e8041,-26.78379,-51.2779,2025-02-10 04:44:00,NOAA-20,MACIEIRA,SANTA CATARINA,Brasil,4210050,42,33,,,,Mata Atlântica,1.1
aff0680c-8928-3431-9539-6569097120ce,-28.58825,-49.44288,2025-02-10 04:44:00,NOAA-20,SIDERÓPOLIS,SANTA CATARINA,Brasil,4217600,42,33,,,,Mata Atlântica,1.7
b58d31ad-970c-35fe-8aec-2437b2a94784,-27.79624,-50.38322,2025-02-10 04:44:00,NOAA-20,LAGES,SANTA CATARINA,Brasil,4209300,42,33,,,,Mata Atlântica,1.3
ee2db789-803d-394d-a16b-2879c121a8d7,-16.46412,-58.16897,2025-02-10 05:31:00,NOAA-21,CÁCERES,MATO GROSSO,Brasil,5102504,51,33,,,,Pantanal,1.0
9c4347e9-fdef-3321-b8aa-02a58b2f762e,-20.90792,-56.53369,2025-02-10 05:33:00,NOAA-21,BONITO,MATO GROSSO DO SUL,Brasil,5002209,50,33,,,,Cerrado,1.4
b58cd09c-87bd-3b34-b462-0b2bf8c5bc6d,-20.91334,-56.53115,2025-02-10 05:33:00,NOAA-21,BONITO,MATO GROSSO DO SUL,Brasil,5002209,50,33,,,,Cerrado,1.4
4e8ba678-52a9-312d-8ce0-e013d6af3716,-20.91301,-56.53451,2025-02-10 05:33:00,NOAA-21,BONITO,MATO GROSSO DO SUL,Brasil,5002209,50,33,,,,Cerrado,1.4
f0a58b82-ef18-32c0-891d-f0f781336b26,-12.05,-45.12,2025-02-10 12:00:00,MSG-03,BARREIRAS,BAHIA,Brasil,2903201,29,33,,,,Cerrado,
d0d16d83-664f-3eb7-a0aa-5fd79a5d51db,-12.05,-45.07,2025-02-10 12:00:00,MSG-03,BARREIRAS,BAHIA,Brasil,2903201,29,33,,,,Cerrado,
ba2ee950-3052-3314-8b93-9afff4d8125f,-8.34979,-45.18869,2025-02-10 12:31:00,TERRA_M-T,BAIXA GRANDE DO RIBEIRO,PIAUÍ,Brasil,2201150,22,33,,,,Cerrado,31.2
ee7dfcf1-a59b-33f3-8dbe-9128be154c61,-11.68113,-46.45354,2025-02-10 12:31:00,TERRA_M-T,NOVO JARDIM,TOCANTINS,Brasil,1715259,17,33,,,,Cerrado,36.2
5827f14f-8609-3fec-b6b8-eb9ce2596372,-11.57205,-44.85806,2025-02-10 12:31:00,TERRA_M-T,RIACHÃO DAS NEVES,BAHIA,Brasil,2926202,29,33,,,,Cerrado,20.3
5f9a410d-d1ff-3af8-abf0-17e739e90c35,-11.58147,-44.85936,2025-02-10 12:31:00,TERRA_M-T,RIACHÃO DAS NEVES,BAHIA,Brasil,2926202,29,33,,,,Cerrado,16.4
9fb20462-6032-3a37-a7b0-d921274a155d,-9.17892,-44.7249,2025-02-10 12:31:00,TERRA_M-T,BOM JESUS,PIAUÍ,Brasil,2201903,22,33,,,,Cerrado,11.6
3e9c1931-3287-3589-bf24-7ba6bbf722c2,-9.51591,-44.74562,2025-02-10 12:31:00,TERRA_M-T,MONTE ALEGRE DO PIAUÍ,PIAUÍ,Brasil,2206605,22,33,,,,Cerrado,8.1
9fcc92f8-02a0-3992-bf1c-ec865895a706,-11.68242,-46.44447,2025-02-10 12:31:00,TERRA_M-T,NOVO JARDIM,TOCANTINS,Brasil,1715259,17,33,,,,Cerrado,12.9
2b96cde1-f281-38f0-adf0-55721bc8f2f2,-8.35109,-45.17945,2025-02-10 12:31:00,TERRA_M-T,BAIXA GRANDE DO RIBEIRO,PIAUÍ,Brasil,2201150,22,33,,,,Cerrado,47.8
887c96fb-d288-3d11-9441-2fb2c6cee25f,-11.58006,-44.86958,2025-02-10 12:31:00,TERRA_M-T,RIACHÃO DAS NEVES,BAHIA,Brasil,2926202,29,33,,,,Cerrado,44.0
9bc5f28b-8793-3812-a5ce-6c098a2f6e37,-8.27553,-42.14153,2025-02-10 12:31:00,TERRA_M-T,SÃO JOÃO DO PIAUÍ,PIAUÍ,Brasil,2210003,22,33,,,,Caatinga,12.0
0a185eed-9fe8-3faa-b210-4f950098b5cc,-11.57065,-44.86829,2025-02-10 12:31:00,TERRA_M-T,RIACHÃO DAS NEVES,BAHIA,Brasil,2926202,29,33,,,,Cerrado,51.1
4ed9180c-9508-34e0-8869-eb5eda47fc74,-12.49107,-43.78908,2025-02-10 12:33:00,TERRA_M-T,BREJOLÂNDIA,BAHIA,Brasil,2904407,29,33,,,,Cerrado,12.0
3752179d-95e9-3517-8337-1034ece6e987,-12.59825,-45.07381,2025-02-10 12:33:00,TERRA_M-T,SÃO DESIDÉRIO,BAHIA,Brasil,2928901,29,33,,,,Cerrado,15.2
0edddcd3-a686-383f-8eed-8254dca89d91,-15.0335,-43.13796,2025-02-10 12:33:00,TERRA_M-T,GAMELEIRAS,MINAS GERAIS,Brasil,3127339,31,33,,,,Caatinga,14.8
efffabcf-9859-37dd-80c6-c600023e0de7,-12.59962,-45.06361,2025-02-10 12:33:00,TERRA_M-T,SÃO DESIDÉRIO,BAHIA,Brasil,2928901,29,33,,,,Cerrado,25.8
df76507d-e215-3961-9667-c2e9946bca12,-12.44907,-44.41895,2025-02-10 12:33:00,TERRA_M-T,BAIANÓPOLIS,BAHIA,Brasil,2902500,29,33,,,,Cerrado,12.8
deba6b20-2b3c-3b88-bb93-8c06a3746316,-21.86956,-49.73796,2025-02-10 12:36:00,TERRA_M-T,CAFELÂNDIA,SÃO PAULO,Brasil,3508801,35,33,,,,Mata Atlântica,4.4
99310c36-b3c1-3b57-b787-2f8b7e272730,-27.1112,-50.83347,2025-02-10 12:38:00,TERRA_M-T,FRAIBURGO,SANTA CATARINA,Brasil,4205506,42,33,,,,Mata Atlântica,4.6
5ab126fc-58cc-3fc4-ab4c-3dc15c497c17,-22.80007,-46.28122,2025-02-10 12:38:00,TERRA_M-T,EXTREMA,MINAS GERAIS,Brasil,3125101,31,33,,,,Mata Atlântica,5.5
0bc38e4b-ebe2-3b07-a1ab-13ae9d094ac8,-22.83514,-46.32954,2025-02-10 12:38:00,TERRA_M-T,EXTREMA,MINAS GERAIS,Brasil,3125101,31,33,,,,Mata Atlântica,7.3
5cf66cfc-2a46-3641-936f-3f60a6bc9b1e,-26.18456,-51.60467,2025-02-10 12:38:00,TERRA_M-T,BITURUNA,PARANÁ,Brasil,4102901,41,33,,,,Mata Atlântica,5.4
f4741ae4-b9fa-3faa-8daa-2a336110a69f,-25.59092,-51.98597,2025-02-10 12:38:00,TERRA_M-T,CANDÓI,PARANÁ,Brasil,4104428,41,33,,,,Mata Atlântica,6.6
387f3b62-adb0-393a-b432-23e5cd98a1ba,-23.11682,-47.00999,2025-02-10 12:38:00,TERRA_M-T,ITUPEVA,SÃO PAULO,Brasil,3524006,35,33,,,,Mata Atlântica,6.6
3cf21059-e819-390e-a0bd-9d26a8605be7,-29.89067,-51.93172,2025-02-10 12:40:00,TERRA_M-T,GENERAL CÂMARA,RIO GRANDE DO SUL,Brasil,4308805,43,33,,,,Pampa,5.2
